REM   Script: Enhanced LMS Setup -- Revision 01
REM   Setups LMS system


-- Name of the supplier, contact, email, address
-- who resided in etither Mumbai or Delhi and email does not belong to gmail account

SELECT SUPPLIER_NAME, CONTACT, EMAIL, ADDRESS FROM LMS_SUPPLIERS_DETAILS
WHERE (ADDRESS = upper('Mumbai') OR ADDRESS = upper('Delhi')) AND EMAIL NOT LIKE '%@gmail.com';
--WHERE ADDRESS IN (upper('Mumbai'), upper('Delhi')) AND EMAIL NOT LIKE '%@gmail.com';


-- Name of the book that were published in the year 2012 and price point is greater than 100

SELECT BOOK_TITLE FROM LMS_BOOK_DETAILS
WHERE EXTRACT(YEAR FROM PUBLISH_DATE) = 2012 AND PRICE > 100;


-- Name of the members whose status is permanent and have enrolled in the month of June/July/Auguest

SELECT MEMBER_NAME, EXTRACT(MONTH FROM DATE_REGISTER) Enrolled_In FROM LMS_MEMBERS
WHERE MEMBERSHIP_STATUS = 'Permanent' AND EXTRACT(MONTH FROM DATE_REGISTER) IN (6, 7, 8);


-- List all the issuances details of the books that were returned in less than 10 days

SELECT * FROM LMS_BOOK_ISSUE
WHERE (to_date(DATE_RETURNED, 'dd-mm-yyyy') - to_date(DATE_ISSUE, 'dd-mm-yyyy')) < 10;


/*
SELECT bd.book_title, sd.supplier_name
FROM lms_book_details  bd INNER JOIN lms_suppliers_details sd
ON (bd.supplier_id = sd.supplier_id);
*/


-- Need the name of the book, publication, date of publication along with supplier name and his contact number

SELECT BOOK_TITLE, PUBLICATION, PUBLISH_DATE, SUPPLIER_NAME, CONTACT
FROM LMS_BOOK_DETAILS
INNER JOIN LMS_SUPPLIERS_DETAILS
ON (LMS_BOOK_DETAILS.SUPPLIER_ID = LMS_SUPPLIERS_DETAILS.SUPPLIER_ID);



-- Name of the member, status of his membership who have issued a book but never pas a fine

SELECT DISTINCT MEMBER_NAME, MEMBERSHIP_STATUS, FINE_RANGE 
FROM LMS_MEMBERS  
INNER JOIN LMS_BOOK_ISSUE
ON (LMS_MEMBERS.MEMBER_ID = LMS_BOOK_ISSUE.MEMBER_ID)
where LMS_BOOK_ISSUE.FINE_RANGE IS NULL;

-- Name of the member, status of his membership who have issued a book and paid fine more than 74 rs

SELECT DISTINCT MEMBER_NAME, MEMBERSHIP_STATUS, FINE_AMOUNT
FROM LMS_MEMBERS INNER JOIN LMS_BOOK_ISSUE 
ON (LMS_MEMBERS.MEMBER_ID = LMS_BOOK_ISSUE.MEMBER_ID)
INNER JOIN LMS_FINE_DETAILS
ON (LMS_BOOK_ISSUE.FINE_RANGE = LMS_FINE_DETAILS.FINE_RANGE)
where LMS_FINE_DETAILS.FINE_AMOUNT > 74;

-- Name of the member, status of his membership who have issued a book and paid fine more than 74 rs and the supplier does have gmail account


SELECT DISTINCT MEMBER_NAME, MEMBERSHIP_STATUS, FINE_AMOUNT, EMAIL
FROM LMS_MEMBERS 
INNER JOIN LMS_BOOK_ISSUE ON (LMS_MEMBERS.MEMBER_ID = LMS_BOOK_ISSUE.MEMBER_ID)
INNER JOIN LMS_FINE_DETAILS ON (LMS_BOOK_ISSUE.FINE_RANGE = LMS_FINE_DETAILS.FINE_RANGE)
INNER JOIN LMS_BOOK_DETAILS ON (LMS_BOOK_ISSUE.BOOK_CODE = LMS_BOOK_DETAILS.BOOK_CODE)
INNER JOIN LMS_SUPPLIERS_DETAILS ON (LMS_BOOK_DETAILS.SUPPLIER_ID = LMS_SUPPLIERS_DETAILS.SUPPLIER_ID)
where LMS_FINE_DETAILS.FINE_AMOUNT > 74 AND lower(EMAIL) LIKE '%gmail.com'; 

-- Name of the member, status of his membership who issued the book but not place in the rack

SELECT DISTINCT MEMBER_NAME, MEMBERSHIP_STATUS, RACK_NUM
FROM LMS_MEMBERS
INNER JOIN LMS_BOOK_ISSUE ON (LMS_MEMBERS.MEMBER_ID = LMS_BOOK_ISSUE.MEMBER_ID)
INNER JOIN LMS_BOOK_DETAILS ON (LMS_BOOK_ISSUE.BOOK_CODE = LMS_BOOK_DETAILS.BOOK_CODE)
where LMS_BOOK_DETAILS.RACK_NUM IS NULL;

-- Name of the supplier who has not supplied the book and lives in pune , mumbai and delhi

SELECT DISTINCT LMS_SUPPLIERS_DETAILS.SUPPLIER_ID, SUPPLIER_NAME, ADDRESS, CONTACT, EMAIL
FROM LMS_SUPPLIERS_DETAILS
LEFT JOIN LMS_BOOK_DETAILS ON (LMS_SUPPLIERS_DETAILS.SUPPLIER_ID = LMS_BOOK_DETAILS.SUPPLIER_ID)
where LMS_BOOK_DETAILS.SUPPLIER_ID IS NULL AND upper(LMS_SUPPLIERS_DETAILS.ADDRESS) IN (upper('Pune'), upper('Mumbai'), upper('Delhi'));

-- count of suppliers who stay in PUNE / MUMBAI / DELHI against their city

-- number of books in each category that are placed in rack_num A1 / A2 / A3

-- number of books issued in the APRIL / MAY

SELECT decode(EXTRACT (MONTH FROM date_issue), 4, 'APRIL', 5, 'MAY') Month_, count(*) cnt_of_books

-- select extract (month from date_issue), count(*) cnt_of_books

FROM LMS_BOOK_ISSUE
WHERE EXTRACT (MONTH FROM DATE_ISSUE) IN (4,5)
GROUP BY EXTRACT (MONTH FROM DATE_ISSUE);

-- count of members against their status and city

SELECT MEMBERSHIP_STATUS, CITY, COUNT(*) 
FROM LMS_MEMBERS
GROUP BY CITY, MEMBERSHIP_STATUS 
ORDER BY MEMBERSHIP_STATUS;

-- count of suppliers against their respective category of email accounts e.g gmail, yahoo, hotmail

/*SELECT SUBSTR( EMAIL, -9) CATEGORY, COUNT(*)
FROM LMS_SUPPLIERS_DETAILS
WHERE EMAIL LIKE '%gmail.com' OR EMAIL LIKE '%yahoo.com'
GROUP BY SUBSTR( EMAIL, -9);*/

SELECT SUBSTR(EMAIL, INSTR(EMAIL, '@') + 1) CATEGORY, COUNT(*)
FROM LMS_SUPPLIERS_DETAILS
WHERE EMAIL LIKE '%gmail.com' OR EMAIL LIKE '%yahoo.com'
GROUP BY SUBSTR(EMAIL, INSTR(EMAIL, '@') + 1);

SELECT DECODE(SUBSTR(EMAIL, INSTR(EMAIL, '@') + 1), 'gmail.com', 'Gmail', 'yahoo.com', 'Yahoo', 'Others') CATEGORY, COUNT(*)
FROM LMS_SUPPLIERS_DETAILS
GROUP BY  DECODE(SUBSTR(EMAIL, INSTR(EMAIL, '@') + 1), 'gmail.com', 'Gmail', 'yahoo.com', 'Yahoo', 'Others');

-- category of book , total number of books under that category such that the category has more than 2 books

SELECT * FROM LMS_BOOK_DETAILS;

SELECT * FROM LMS_BOOK_ISSUE;

SELECT CATEGORY, COUNT(*)
FROM LMS_BOOK_DETAILS
GROUP BY CATEGORY
HAVING COUNT(*) > 2;

-- book_code and name of the book which has been issued atleast twice

SELECT LMS_BOOK_ISSUE.BOOK_CODE, LMS_BOOK_DETAILS.BOOK_TITLE, COUNT(*)
FROM LMS_BOOK_DETAILS
INNER JOIN LMS_BOOK_ISSUE ON (LMS_BOOK_DETAILS.BOOK_CODE = LMS_BOOK_ISSUE.BOOK_CODE)
GROUP BY LMS_BOOK_ISSUE.BOOK_CODE, LMS_BOOK_DETAILS.BOOK_TITLE
HAVING COUNT(*) >= 2;

-- book_code and name of the book which has been issued more than 4 times and has more than 0 suppliers (NOte: JAVA how to program has 2 book_codes because of different published date)

SELECT LMS_BOOK_ISSUE.BOOK_CODE, LMS_BOOK_DETAILS.BOOK_TITLE, LMS_BOOK_DETAILS.SUPPLIER_ID,  COUNT(*)
FROM LMS_BOOK_DETAILS
INNER JOIN LMS_BOOK_ISSUE ON (LMS_BOOK_DETAILS.BOOK_CODE = LMS_BOOK_ISSUE.BOOK_CODE)
GROUP BY LMS_BOOK_ISSUE.BOOK_CODE, LMS_BOOK_DETAILS.BOOK_TITLE, LMS_BOOK_DETAILS.SUPPLIER_ID
HAVING COUNT(*) > 4 AND LMS_BOOK_DETAILS.SUPPLIER_ID IS NOT NULL;

-- name of the supplier along with its contact number along with a flag 'Y' or 'N'

SELECT * FROM LMS_SUPPLIERS_DETAILS;

/* SELECT cust_last_name,
   CASE credit_limit WHEN 100 THEN 'Low'
   WHEN 5000 THEN 'High'
   ELSE 'Medium' END
   FROM customers; */

SELECT LMS_SUPPLIERS_DETAILS.SUPPLIER_ID, LMS_SUPPLIERS_DETAILS.SUPPLIER_NAME, LMS_SUPPLIERS_DETAILS.CONTACT,
CASE 
    WHEN TEMP.FLAG >= 2 THEN 'Y'
    WHEN TEMP.FLAG < 2 THEN 'N'
    ELSE 'NA'
END FLAG
FROM LMS_SUPPLIERS_DETAILS
LEFT JOIN
(
    SELECT LMS_SUPPLIERS_DETAILS.SUPPLIER_ID, LMS_SUPPLIERS_DETAILS.SUPPLIER_NAME, LMS_SUPPLIERS_DETAILS.CONTACT, COUNT(*) FLAG
    FROM LMS_SUPPLIERS_DETAILS
    INNER  JOIN LMS_BOOK_DETAILS ON (LMS_SUPPLIERS_DETAILS.SUPPLIER_ID = LMS_BOOK_DETAILS.SUPPLIER_ID)
    LEFT OUTER JOIN LMS_BOOK_ISSUE ON (LMS_BOOK_DETAILS.BOOK_CODE = LMS_BOOK_ISSUE.BOOK_CODE)
    GROUP BY LMS_SUPPLIERS_DETAILS.SUPPLIER_ID, LMS_SUPPLIERS_DETAILS.SUPPLIER_NAME, LMS_SUPPLIERS_DETAILS.CONTACT
) TEMP
ON (LMS_SUPPLIERS_DETAILS.SUPPLIER_NAME = TEMP.SUPPLIER_NAME)
ORDER BY SUPPLIER_ID;

-- List the book name and issuance_date, date_of_expected_return such that the books that are to be returned at the earlist are seen at the top

SELECT * FROM LMS_BOOK_ISSUE;

SELECT * FROM LMS_BOOK_DETAILS;

SELECT BD.BOOK_CODE, BD.BOOK_TITLE, BI.DATE_ISSUE, BI.DATE_RETURN
FROM LMS_BOOK_DETAILS BD
INNER JOIN LMS_BOOK_ISSUE BI ON (BD.BOOK_CODE = BI.BOOK_CODE)
GROUP BY BD.BOOK_CODE, BD.BOOK_TITLE, BI.DATE_ISSUE, BI.DATE_RETURN
ORDER BY BI.DATE_RETURN DESC;

-- List all the members such that the oldest member (the very first member to my lms) of my lms appears at the top

SELECT * FROM LMS_MEMBERS;

SELECT * FROM LMS_MEMBERS
ORDER BY DATE_REGISTER ASC NULLS LAST;

-- List all the members such that the longest duration of the membership member appears at the top

SELECT * FROM LMS_MEMBERS
WHERE to_date(SYSDATE) < to_date(DATE_EXPIRE)
ORDER BY (to_date(SYSDATE) - to_date(DATE_REGISTER)) DESC;

-- provide the supplier name , their city, number of books supplied based on the person who has supplied most books comes at the top

SELECT LMS_SUPPLIERS_DETAILS.SUPPLIER_NAME, LMS_SUPPLIERS_DETAILS.ADDRESS, LMS_BOOK_DETAILS.SUPPLIER_ID, COUNT(LMS_BOOK_DETAILS.SUPPLIER_ID)
FROM LMS_SUPPLIERS_DETAILS
LEFT OUTER JOIN LMS_BOOK_DETAILS ON (LMS_SUPPLIERS_DETAILS.SUPPLIER_ID = LMS_BOOK_DETAILS.SUPPLIER_ID)
GROUP BY LMS_SUPPLIERS_DETAILS.SUPPLIER_NAME, LMS_SUPPLIERS_DETAILS.ADDRESS, LMS_BOOK_DETAILS.SUPPLIER_ID
ORDER BY COUNT(LMS_BOOK_DETAILS.SUPPLIER_ID) DESC;

-- provide the book codes and book names based on the least issued book comes at the top 

SELECT LMS_BOOK_DETAILS.BOOK_CODE, LMS_BOOK_DETAILS.BOOK_TITLE, LMS_BOOK_ISSUE.DATE_ISSUE, COUNT(*)
FROM LMS_BOOK_DETAILS
INNER JOIN LMS_BOOK_ISSUE ON (LMS_BOOK_DETAILS.BOOK_CODE = LMS_BOOK_ISSUE.BOOK_CODE)
GROUP BY LMS_BOOK_DETAILS.BOOK_CODE, LMS_BOOK_DETAILS.BOOK_TITLE, LMS_BOOK_ISSUE.DATE_ISSUE
ORDER BY 

-- provide the name of the member, total fine based on the most fined member comes at the top

CREATE TABLE LMS_MEMBERS  
(  
MEMBER_ID VARCHAR2(10 BYTE),  
MEMBER_NAME VARCHAR2(30 BYTE) NOT NULL ,  
CITY VARCHAR2(20 BYTE),  
DATE_REGISTER DATE NOT NULL ,  
DATE_EXPIRE DATE,  
MEMBERSHIP_STATUS VARCHAR2(15 BYTE) NOT NULL ,  
CONSTRAINT PK_MBR_ID PRIMARY KEY (MEMBER_ID)    
);

Insert into LMS_MEMBERS (MEMBER_ID,MEMBER_NAME,CITY,DATE_REGISTER,DATE_EXPIRE,MEMBERSHIP_STATUS) values ('LM001','Akshay','CHENNAI',to_date('12-06-18','DD-MM-RR'),to_date('26-10-20','DD-MM-RR'),'Temporary');

Insert into LMS_MEMBERS (MEMBER_ID,MEMBER_NAME,CITY,DATE_REGISTER,DATE_EXPIRE,MEMBERSHIP_STATUS) values ('LM002','Amruta','PUNE',to_date('02-03-20','DD-MM-RR'),to_date('03-06-20','DD-MM-RR'),'Temporary');

Insert into LMS_MEMBERS (MEMBER_ID,MEMBER_NAME,CITY,DATE_REGISTER,DATE_EXPIRE,MEMBERSHIP_STATUS) values ('LM003','Ashish','CHENNAI',to_date('12-06-18','DD-MM-RR'),to_date('17-08-20','DD-MM-RR'),'Permanent');

Insert into LMS_MEMBERS (MEMBER_ID,MEMBER_NAME,CITY,DATE_REGISTER,DATE_EXPIRE,MEMBERSHIP_STATUS) values ('LM004','Bhakti','CHENNAI',to_date('12-06-18','DD-MM-RR'),to_date('12-05-20','DD-MM-RR'),'Temporary');

Insert into LMS_MEMBERS (MEMBER_ID,MEMBER_NAME,CITY,DATE_REGISTER,DATE_EXPIRE,MEMBERSHIP_STATUS) values ('LM005','Gautam','BANGALORE',to_date('12-06-18','DD-MM-RR'),to_date('06-11-20','DD-MM-RR'),'Temporary');

Insert into LMS_MEMBERS (MEMBER_ID,MEMBER_NAME,CITY,DATE_REGISTER,DATE_EXPIRE,MEMBERSHIP_STATUS) values ('LM006','Hetvi','CHENNAI',to_date('12-06-18','DD-MM-RR'),to_date('26-10-20','DD-MM-RR'),'Permanent');

Insert into LMS_MEMBERS (MEMBER_ID,MEMBER_NAME,CITY,DATE_REGISTER,DATE_EXPIRE,MEMBERSHIP_STATUS) values ('LM007','Mayur','Pune',to_date('19-09-19','DD-MM-RR'),to_date('19-10-20','DD-MM-RR'),'Permanent');

Insert into LMS_MEMBERS (MEMBER_ID,MEMBER_NAME,CITY,DATE_REGISTER,DATE_EXPIRE,MEMBERSHIP_STATUS) values ('LM008','Nikhil','Bangalore',to_date('09-03-20','DD-MM-RR'),to_date('03-06-20','DD-MM-RR'),'Permanent');

Insert into LMS_MEMBERS (MEMBER_ID,MEMBER_NAME,CITY,DATE_REGISTER,DATE_EXPIRE,MEMBERSHIP_STATUS) values ('LM009','Nikita','Delhi',to_date('12-12-12','DD-MM-RR'),to_date('12-12-21','DD-MM-RR'),'Temporary');

Insert into LMS_MEMBERS (MEMBER_ID,MEMBER_NAME,CITY,DATE_REGISTER,DATE_EXPIRE,MEMBERSHIP_STATUS) values ('LM010','Preity','Kerala',to_date('17-06-19','DD-MM-RR'),to_date('11-08-20','DD-MM-RR'),'Permanent');

Insert into LMS_MEMBERS (MEMBER_ID,MEMBER_NAME,CITY,DATE_REGISTER,DATE_EXPIRE,MEMBERSHIP_STATUS) values ('LM011','Priti','Punjab',to_date('19-08-19','DD-MM-RR'),to_date('23-12-23','DD-MM-RR'),'Permanent');

Insert into LMS_MEMBERS (MEMBER_ID,MEMBER_NAME,CITY,DATE_REGISTER,DATE_EXPIRE,MEMBERSHIP_STATUS) values ('LM012','Rasika','CHENNAI',to_date('12-06-18','DD-MM-RR'),to_date('26-10-20','DD-MM-RR'),'Temporary');

Insert into LMS_MEMBERS (MEMBER_ID,MEMBER_NAME,CITY,DATE_REGISTER,DATE_EXPIRE,MEMBERSHIP_STATUS) values ('LM013','Renuka','PUNE',to_date('02-08-20','DD-MM-RR'),to_date('03-06-20','DD-MM-RR'),'Temporary');

Insert into LMS_MEMBERS (MEMBER_ID,MEMBER_NAME,CITY,DATE_REGISTER,DATE_EXPIRE,MEMBERSHIP_STATUS) values ('LM014','Sandeep','CHENNAI',to_date('12-06-18','DD-MM-RR'),to_date('17-08-20','DD-MM-RR'),'Permanent');

Insert into LMS_MEMBERS (MEMBER_ID,MEMBER_NAME,CITY,DATE_REGISTER,DATE_EXPIRE,MEMBERSHIP_STATUS) values ('LM015','Saurabh','CHENNAI',to_date('12-06-18','DD-MM-RR'),to_date('12-05-20','DD-MM-RR'),'Temporary');

Insert into LMS_MEMBERS (MEMBER_ID,MEMBER_NAME,CITY,DATE_REGISTER,DATE_EXPIRE,MEMBERSHIP_STATUS) values ('LM016','Sayali','BANGALORE',to_date('12-06-18','DD-MM-RR'),to_date('06-11-20','DD-MM-RR'),'Temporary');

Insert into LMS_MEMBERS (MEMBER_ID,MEMBER_NAME,CITY,DATE_REGISTER,DATE_EXPIRE,MEMBERSHIP_STATUS) values ('LM017','Shruti','CHENNAI',to_date('12-06-18','DD-MM-RR'),to_date('26-10-20','DD-MM-RR'),'Permanent');

Insert into LMS_MEMBERS (MEMBER_ID,MEMBER_NAME,CITY,DATE_REGISTER,DATE_EXPIRE,MEMBERSHIP_STATUS) values ('LM018','Smita','Pune',to_date('19-09-19','DD-MM-RR'),to_date('19-10-20','DD-MM-RR'),'Permanent');

Insert into LMS_MEMBERS (MEMBER_ID,MEMBER_NAME,CITY,DATE_REGISTER,DATE_EXPIRE,MEMBERSHIP_STATUS) values ('LM019','Snehal','Bangalore',to_date('09-03-20','DD-MM-RR'),to_date('03-06-20','DD-MM-RR'),'Permanent');

Insert into LMS_MEMBERS (MEMBER_ID,MEMBER_NAME,CITY,DATE_REGISTER,DATE_EXPIRE,MEMBERSHIP_STATUS) values ('LM020','Supriya','Delhi',to_date('12-12-12','DD-MM-RR'),to_date('12-12-21','DD-MM-RR'),'Temporary');

Insert into LMS_MEMBERS (MEMBER_ID,MEMBER_NAME,CITY,DATE_REGISTER,DATE_EXPIRE,MEMBERSHIP_STATUS) values ('LM021','Writankar','Kerala',to_date('17-06-19','DD-MM-RR'),to_date('17-06-20','DD-MM-RR'),'Permanent');

Insert into LMS_MEMBERS (MEMBER_ID,MEMBER_NAME,CITY,DATE_REGISTER,DATE_EXPIRE,MEMBERSHIP_STATUS) values ('LM022','Amit','Punjab',to_date('19-08-19','DD-MM-RR'),to_date('23-12-23','DD-MM-RR'),'Permanent');

Insert into LMS_MEMBERS (MEMBER_ID,MEMBER_NAME,CITY,DATE_REGISTER,DATE_EXPIRE,MEMBERSHIP_STATUS) values ('LM023','Ritesh','Bangalore',to_date('12-06-18','DD-MM-RR'),to_date('17-08-20','DD-MM-RR'),'Permanent');

Insert into LMS_MEMBERS (MEMBER_ID,MEMBER_NAME,CITY,DATE_REGISTER,DATE_EXPIRE,MEMBERSHIP_STATUS) values ('LM024','Gaurav','Delhi',to_date('12-06-18','DD-MM-RR'),to_date('12-05-20','DD-MM-RR'),'Temporary');

Insert into LMS_MEMBERS (MEMBER_ID,MEMBER_NAME,CITY,DATE_REGISTER,DATE_EXPIRE,MEMBERSHIP_STATUS) values ('LM025','Sagar','Kerala',to_date('12-06-18','DD-MM-RR'),to_date('06-11-20','DD-MM-RR'),'Temporary');

CREATE TABLE LMS_SUPPLIERS_DETAILS  
(  
SUPPLIER_ID VARCHAR2(3 BYTE),  
SUPPLIER_NAME VARCHAR2(30 BYTE) NOT NULL ,  
ADDRESS VARCHAR2(50 BYTE),  
CONTACT NUMBER(10,0) NOT NULL ,  
EMAIL VARCHAR2(15 BYTE) NOT NULL ,  
CONSTRAINT PK_SP_ID PRIMARY KEY (SUPPLIER_ID)  
);

Insert into LMS_SUPPLIERS_DETAILS (SUPPLIER_ID,SUPPLIER_NAME,ADDRESS,CONTACT,EMAIL) values ('S01','SINGAPORE SHOPPEE','CHENNAI',9894123555,'sing@gmail.com');

Insert into LMS_SUPPLIERS_DETAILS (SUPPLIER_ID,SUPPLIER_NAME,ADDRESS,CONTACT,EMAIL) values ('S02','JK Stores','MUMBAI',9940123450,'jks@yahoo.com');

Insert into LMS_SUPPLIERS_DETAILS (SUPPLIER_ID,SUPPLIER_NAME,ADDRESS,CONTACT,EMAIL) values ('S03','ROSE BOOK STORE','TRIVANDRUM',9444411222,'rose@gmail.com');

Insert into LMS_SUPPLIERS_DETAILS (SUPPLIER_ID,SUPPLIER_NAME,ADDRESS,CONTACT,EMAIL) values ('S04','KAVARI STORE','DELHI',8630001452,'kavi@redif.com');

Insert into LMS_SUPPLIERS_DETAILS (SUPPLIER_ID,SUPPLIER_NAME,ADDRESS,CONTACT,EMAIL) values ('S05','EINSTEN BOOK GALLARY','US',9542000001,'eingal@aol.com');

Insert into LMS_SUPPLIERS_DETAILS (SUPPLIER_ID,SUPPLIER_NAME,ADDRESS,CONTACT,EMAIL) values ('S06','AKBAR STORE','MUMBAI',7855623100,'akbakst@aol.com');

Insert into LMS_SUPPLIERS_DETAILS (SUPPLIER_ID,SUPPLIER_NAME,ADDRESS,CONTACT,EMAIL) values ('S07','GUPTA STORE','CHENNAI',9899023555,'rom@gmail.com');

Insert into LMS_SUPPLIERS_DETAILS (SUPPLIER_ID,SUPPLIER_NAME,ADDRESS,CONTACT,EMAIL) values ('S08','D MART','MUMBAI',9940123450,'dance@gmail.com');

Insert into LMS_SUPPLIERS_DETAILS (SUPPLIER_ID,SUPPLIER_NAME,ADDRESS,CONTACT,EMAIL) values ('S09','BIG BAZAAR','TRIVANDRUM',9445511222,'rock@gmail.com');

Insert into LMS_SUPPLIERS_DETAILS (SUPPLIER_ID,SUPPLIER_NAME,ADDRESS,CONTACT,EMAIL) values ('S10','JIO MART','DELHI',8644001452,'free@rediff.com');

Insert into LMS_SUPPLIERS_DETAILS (SUPPLIER_ID,SUPPLIER_NAME,ADDRESS,CONTACT,EMAIL) values ('S11','GODREJ FARM','US',9542440001,'champ@yahoo.com');

Insert into LMS_SUPPLIERS_DETAILS (SUPPLIER_ID,SUPPLIER_NAME,ADDRESS,CONTACT,EMAIL) values ('S12','ZOMATO','MUMBAI',7855623440,'money@gmail.com');

CREATE TABLE LMS_BOOK_DETAILS  
(  
BOOK_CODE VARCHAR2(10 BYTE),  
BOOK_TITLE VARCHAR2(100 BYTE) NOT NULL ,  
CATEGORY VARCHAR2(15 BYTE) NOT NULL ,  
AUTHOR VARCHAR2(30 BYTE) NOT NULL ,  
PUBLICATION VARCHAR2(30 BYTE),  
PUBLISH_DATE DATE,  
BOOK_EDITION NUMBER,  
PRICE NUMBER(8,2) NOT NULL ,  
RACK_NUM VARCHAR2(3 BYTE),  
DATE_ARRIVAL DATE,  
SUPPLIER_ID VARCHAR2(3 BYTE),  
CONSTRAINT PK_BOOK_CODE PRIMARY KEY (BOOK_CODE),  
CONSTRAINT FK_SP_ID FOREIGN KEY (SUPPLIER_ID)  REFERENCES LMS_SUPPLIERS_DETAILS (SUPPLIER_ID)  
) ;

Insert into LMS_BOOK_DETAILS (BOOK_CODE,BOOK_TITLE,CATEGORY,AUTHOR,PUBLICATION,PUBLISH_DATE,BOOK_EDITION,PRICE,RACK_NUM,DATE_ARRIVAL,SUPPLIER_ID) values ('BL000001','Java How To Do Program','JAVA','Paul J. Deitel','Prentice Hall',to_date('10-12-99','DD-MM-RR'),6,600,'A1',to_date('10-05-11','DD-MM-RR'),'S01');

Insert into LMS_BOOK_DETAILS (BOOK_CODE,BOOK_TITLE,CATEGORY,AUTHOR,PUBLICATION,PUBLISH_DATE,BOOK_EDITION,PRICE,RACK_NUM,DATE_ARRIVAL,SUPPLIER_ID) values ('BL000002','Java: The Complete Reference ','JAVA','Herbert Schildt','Tata Mcgraw Hill ',to_date('10-10-11','DD-MM-RR'),5,750,'A1',to_date('10-05-11','DD-MM-RR'),'S03');

Insert into LMS_BOOK_DETAILS (BOOK_CODE,BOOK_TITLE,CATEGORY,AUTHOR,PUBLICATION,PUBLISH_DATE,BOOK_EDITION,PRICE,RACK_NUM,DATE_ARRIVAL,SUPPLIER_ID) values ('BL000003','Java How To Do Program','JAVA','Paul J. Deitel','Prentice Hall',to_date('10-05-99','DD-MM-RR'),6,600,'A1',to_date('10-05-12','DD-MM-RR'),'S01');

Insert into LMS_BOOK_DETAILS (BOOK_CODE,BOOK_TITLE,CATEGORY,AUTHOR,PUBLICATION,PUBLISH_DATE,BOOK_EDITION,PRICE,RACK_NUM,DATE_ARRIVAL,SUPPLIER_ID) values ('BL000004','Java: The Complete Reference ','JAVA','Herbert Schildt','Tata Mcgraw Hill ',to_date('10-10-11','DD-MM-RR'),5,750,'A1',to_date('11-05-12','DD-MM-RR'),'S01');

Insert into LMS_BOOK_DETAILS (BOOK_CODE,BOOK_TITLE,CATEGORY,AUTHOR,PUBLICATION,PUBLISH_DATE,BOOK_EDITION,PRICE,RACK_NUM,DATE_ARRIVAL,SUPPLIER_ID) values ('BL000005','Java How To Do Program','JAVA','Paul J. Deitel','Prentice Hall',to_date('10-12-99','DD-MM-RR'),6,600,'A1',to_date('11-05-12','DD-MM-RR'),'S01');

Insert into LMS_BOOK_DETAILS (BOOK_CODE,BOOK_TITLE,CATEGORY,AUTHOR,PUBLICATION,PUBLISH_DATE,BOOK_EDITION,PRICE,RACK_NUM,DATE_ARRIVAL,SUPPLIER_ID) values ('BL000006','Java: The Complete Reference ','JAVA','Herbert Schildt','Tata Mcgraw Hill ',to_date('10-10-11','DD-MM-RR'),5,750,'A1',to_date('12-05-12','DD-MM-RR'),'S03');

Insert into LMS_BOOK_DETAILS (BOOK_CODE,BOOK_TITLE,CATEGORY,AUTHOR,PUBLICATION,PUBLISH_DATE,BOOK_EDITION,PRICE,RACK_NUM,DATE_ARRIVAL,SUPPLIER_ID) values ('BL000007','Let Us C','C','Yashavant Kanetkar ','BPB Publications',to_date('11-12-10','DD-MM-RR'),9,500,'A3',to_date('03-11-10','DD-MM-RR'),'S03');

Insert into LMS_BOOK_DETAILS (BOOK_CODE,BOOK_TITLE,CATEGORY,AUTHOR,PUBLICATION,PUBLISH_DATE,BOOK_EDITION,PRICE,RACK_NUM,DATE_ARRIVAL,SUPPLIER_ID) values ('BL000008','Python Cookbook: Recipes for Mastering Python 3','Python','Brian K. Jones','O''Reilly Media',to_date('10-05-13','DD-MM-RR'),3,350,null,to_date('10-06-19','DD-MM-RR'),'S02');

Insert into LMS_BOOK_DETAILS (BOOK_CODE,BOOK_TITLE,CATEGORY,AUTHOR,PUBLICATION,PUBLISH_DATE,BOOK_EDITION,PRICE,RACK_NUM,DATE_ARRIVAL,SUPPLIER_ID) values ('BL000009','Learn Python in 1 Day','Python','Krishna Rungta','Guru99',to_date('19-07-16','DD-MM-RR'),1,307,'A3',to_date('10-06-19','DD-MM-RR'),'S02');

Insert into LMS_BOOK_DETAILS (BOOK_CODE,BOOK_TITLE,CATEGORY,AUTHOR,PUBLICATION,PUBLISH_DATE,BOOK_EDITION,PRICE,RACK_NUM,DATE_ARRIVAL,SUPPLIER_ID) values ('BL000010','Python Programming:An Introduction to Computer Science','Python','John M Zelle','Ingram short title',to_date('01-01-16','DD-MM-RR'),3,1200,null,null,'S03');

Insert into LMS_BOOK_DETAILS (BOOK_CODE,BOOK_TITLE,CATEGORY,AUTHOR,PUBLICATION,PUBLISH_DATE,BOOK_EDITION,PRICE,RACK_NUM,DATE_ARRIVAL,SUPPLIER_ID) values ('BL000011','C# 8.0 and .NET Core 3.0 – Modern Cross-Platform Development','C#','Mark J. Price','Packt Publishing',to_date('31-10-19','DD-MM-RR'),4,410,'A3',to_date('10-06-19','DD-MM-RR'),null);

Insert into LMS_BOOK_DETAILS (BOOK_CODE,BOOK_TITLE,CATEGORY,AUTHOR,PUBLICATION,PUBLISH_DATE,BOOK_EDITION,PRICE,RACK_NUM,DATE_ARRIVAL,SUPPLIER_ID) values ('BL000012','C# 8.0 Pocket Reference: Instant Help for C# 8.0 Programmers','C#','Joseph Albahari ','O''Reilly Media',to_date('10-12-19','DD-MM-RR'),1,890,null,null,'S03');

Insert into LMS_BOOK_DETAILS (BOOK_CODE,BOOK_TITLE,CATEGORY,AUTHOR,PUBLICATION,PUBLISH_DATE,BOOK_EDITION,PRICE,RACK_NUM,DATE_ARRIVAL,SUPPLIER_ID) values ('BL000013','Agile Principles, Patterns, and Practices in C#','C#','Robert C. Martin','Pearson',to_date('20-06-06','DD-MM-RR'),5,630,null,to_date('12-09-09','DD-MM-RR'),null);

Insert into LMS_BOOK_DETAILS (BOOK_CODE,BOOK_TITLE,CATEGORY,AUTHOR,PUBLICATION,PUBLISH_DATE,BOOK_EDITION,PRICE,RACK_NUM,DATE_ARRIVAL,SUPPLIER_ID) values ('BL000014','Clean Code: A Handbook of Agile Software Craftsmanship','FUNDAMENTALS','Robert C. Martin','Prentice Hall',to_date('20-05-18','DD-MM-RR'),1,520,'A3',to_date('01-06-19','DD-MM-RR'),'S06');

Insert into LMS_BOOK_DETAILS (BOOK_CODE,BOOK_TITLE,CATEGORY,AUTHOR,PUBLICATION,PUBLISH_DATE,BOOK_EDITION,PRICE,RACK_NUM,DATE_ARRIVAL,SUPPLIER_ID) values ('BL000015','Introduction to Algorithms','ALGORITHMS','Thomas H. Cormen','The MIT Press',to_date('02-06-19','DD-MM-RR'),3,1220,'A4',to_date('02-08-19','DD-MM-RR'),'S01');

Insert into LMS_BOOK_DETAILS (BOOK_CODE,BOOK_TITLE,CATEGORY,AUTHOR,PUBLICATION,PUBLISH_DATE,BOOK_EDITION,PRICE,RACK_NUM,DATE_ARRIVAL,SUPPLIER_ID) values ('BL000016','Structure and Interpretation of Computer Programs (SICP)','FUNDAMENTALS','Harold Abelson','The MIT Press',to_date('02-08-11','DD-MM-RR'),4,1880,'A5',to_date('10-09-14','DD-MM-RR'),'S02');

Insert into LMS_BOOK_DETAILS (BOOK_CODE,BOOK_TITLE,CATEGORY,AUTHOR,PUBLICATION,PUBLISH_DATE,BOOK_EDITION,PRICE,RACK_NUM,DATE_ARRIVAL,SUPPLIER_ID) values ('BL000017','The Clean Coder: A Code of Conduct for Professional Programmers','FUNDAMENTALS','Robert C. Martin','Prentice Hall',to_date('02-06-15','DD-MM-RR'),5,3000,'A6',to_date('10-02-19','DD-MM-RR'),'S06');

Insert into LMS_BOOK_DETAILS (BOOK_CODE,BOOK_TITLE,CATEGORY,AUTHOR,PUBLICATION,PUBLISH_DATE,BOOK_EDITION,PRICE,RACK_NUM,DATE_ARRIVAL,SUPPLIER_ID) values ('BL000018','Code Complete: A Practical Handbook of Software Construction','FUNDAMENTALS','Steve McConnell','Microsoft Press',to_date('05-04-11','DD-MM-RR'),3,4500,'A5',to_date('03-12-11','DD-MM-RR'),'S03');

Insert into LMS_BOOK_DETAILS (BOOK_CODE,BOOK_TITLE,CATEGORY,AUTHOR,PUBLICATION,PUBLISH_DATE,BOOK_EDITION,PRICE,RACK_NUM,DATE_ARRIVAL,SUPPLIER_ID) values ('BL000019','Design Patterns: Elements of Reusable Object-Oriented Software','FUNDAMENTALS','Erich Gamma','Addison-Wesley Professional',to_date('02-01-01','DD-MM-RR'),1,450,'A8',to_date('06-06-11','DD-MM-RR'),'S03');

Insert into LMS_BOOK_DETAILS (BOOK_CODE,BOOK_TITLE,CATEGORY,AUTHOR,PUBLICATION,PUBLISH_DATE,BOOK_EDITION,PRICE,RACK_NUM,DATE_ARRIVAL,SUPPLIER_ID) values ('BL000020','The Pragmatic Programmer','FUNDAMENTALS','David Thomas','Addison-Wesley Professional',to_date('06-06-06','DD-MM-RR'),3,750,'A9',to_date('12-12-11','DD-MM-RR'),'S03');

Insert into LMS_BOOK_DETAILS (BOOK_CODE,BOOK_TITLE,CATEGORY,AUTHOR,PUBLICATION,PUBLISH_DATE,BOOK_EDITION,PRICE,RACK_NUM,DATE_ARRIVAL,SUPPLIER_ID) values ('BL000021','Head First Design Patterns: A Brain-Friendly Guide','JAVA','Eric Freeman','O''Reilly Media',to_date('05-05-05','DD-MM-RR'),1,860,'A2',to_date('05-05-06','DD-MM-RR'),'S01');

Insert into LMS_BOOK_DETAILS (BOOK_CODE,BOOK_TITLE,CATEGORY,AUTHOR,PUBLICATION,PUBLISH_DATE,BOOK_EDITION,PRICE,RACK_NUM,DATE_ARRIVAL,SUPPLIER_ID) values ('BL000023','Algorithms Unlocked','ALGORITHMS','Thomas H. Cormen','The MIT Press',to_date('02-12-12','DD-MM-RR'),2,860,'A8',to_date('02-12-13','DD-MM-RR'),'S01');

Insert into LMS_BOOK_DETAILS (BOOK_CODE,BOOK_TITLE,CATEGORY,AUTHOR,PUBLICATION,PUBLISH_DATE,BOOK_EDITION,PRICE,RACK_NUM,DATE_ARRIVAL,SUPPLIER_ID) values ('BL000024','The Algorithm Design Manual','ALGORITHMS',' Steven S. Skiena','Addison-Wesley Professional',to_date('02-12-12','DD-MM-RR'),6,456,'A6',to_date('02-12-13','DD-MM-RR'),null);

Insert into LMS_BOOK_DETAILS (BOOK_CODE,BOOK_TITLE,CATEGORY,AUTHOR,PUBLICATION,PUBLISH_DATE,BOOK_EDITION,PRICE,RACK_NUM,DATE_ARRIVAL,SUPPLIER_ID) values ('BL000025','Algorithms','ALGORITHMS','Robert Sedgewick','The MIT Press',to_date('06-04-11','DD-MM-RR'),2,630,'A3',to_date('02-12-13','DD-MM-RR'),'S02');

Insert into LMS_BOOK_DETAILS (BOOK_CODE,BOOK_TITLE,CATEGORY,AUTHOR,PUBLICATION,PUBLISH_DATE,BOOK_EDITION,PRICE,RACK_NUM,DATE_ARRIVAL,SUPPLIER_ID) values ('BL000026','Advanced Data Structures','DATA STRUCTURES','Peter Brass','The MIT Press',to_date('08-08-08','DD-MM-RR'),6,780,'A3',to_date('09-09-09','DD-MM-RR'),'S05');

CREATE TABLE LMS_FINE_DETAILS  
(  
FINE_RANGE VARCHAR2(3 BYTE),  
FINE_AMOUNT NUMBER(10,2) NOT NULL ,  
MAX_DAYS_DELAYED NUMBER,  
CONSTRAINT PK_FR PRIMARY KEY (FINE_RANGE)  
);

Insert into LMS_FINE_DETAILS (FINE_RANGE,FINE_AMOUNT,MAX_DAYS_DELAYED) values ('R1',20,5);

Insert into LMS_FINE_DETAILS (FINE_RANGE,FINE_AMOUNT,MAX_DAYS_DELAYED) values ('R2',50,10);

Insert into LMS_FINE_DETAILS (FINE_RANGE,FINE_AMOUNT,MAX_DAYS_DELAYED) values ('R3',75,15);

Insert into LMS_FINE_DETAILS (FINE_RANGE,FINE_AMOUNT,MAX_DAYS_DELAYED) values ('R4',100,20);

Insert into LMS_FINE_DETAILS (FINE_RANGE,FINE_AMOUNT,MAX_DAYS_DELAYED) values ('R5',150,25);

Insert into LMS_FINE_DETAILS (FINE_RANGE,FINE_AMOUNT,MAX_DAYS_DELAYED) values ('R6',200,90);

CREATE TABLE LMS_BOOK_ISSUE  
(
BOOK_ISSUE_NO NUMBER,  
MEMBER_ID VARCHAR2(10 BYTE) NOT NULL ,  
BOOK_CODE VARCHAR2(10 BYTE) NOT NULL ,  
DATE_ISSUE DATE NOT NULL ,  
DATE_RETURN DATE NOT NULL ,  
DATE_RETURNED DATE ,  
FINE_RANGE VARCHAR2(3 BYTE),  
CONSTRAINT PK_BOOK_ISSUE_NO PRIMARY KEY (BOOK_ISSUE_NO),  
CONSTRAINT FK_MEM_ID FOREIGN KEY (MEMBER_ID)  REFERENCES LMS_MEMBERS (MEMBER_ID) ,  
CONSTRAINT FK_BOOKDETAIL FOREIGN KEY (BOOK_CODE)  REFERENCES LMS_BOOK_DETAILS (BOOK_CODE) ,  
CONSTRAINT FK_FINEDETAIL FOREIGN KEY (FINE_RANGE)  REFERENCES LMS_FINE_DETAILS (FINE_RANGE) ,
CONSTRAINT CHK_DATE_ISSUE CHECK ( DATE_ISSUE < DATE_RETURN  )  
);
SELECT * FROM LMS_BOOK_ISSUE;
Insert into LMS_BOOK_ISSUE (BOOK_ISSUE_NO,MEMBER_ID,BOOK_CODE,DATE_ISSUE,DATE_RETURN,DATE_RETURNED,FINE_RANGE) values (1,'LM001','BL000001',to_date('01-05-12','DD-MM-RR'),to_date('16-05-12','DD-MM-RR'),to_date('16-05-12','DD-MM-RR'),null);

Insert into LMS_BOOK_ISSUE (BOOK_ISSUE_NO,MEMBER_ID,BOOK_CODE,DATE_ISSUE,DATE_RETURN,DATE_RETURNED,FINE_RANGE) values (2,'LM002','BL000002',to_date('01-05-12','DD-MM-RR'),to_date('06-05-12','DD-MM-RR'),to_date('16-05-12','DD-MM-RR'),'R2');

Insert into LMS_BOOK_ISSUE (BOOK_ISSUE_NO,MEMBER_ID,BOOK_CODE,DATE_ISSUE,DATE_RETURN,DATE_RETURNED,FINE_RANGE) values (3,'LM003','BL000007',to_date('01-04-12','DD-MM-RR'),to_date('16-04-12','DD-MM-RR'),to_date('20-04-12','DD-MM-RR'),'R1');

Insert into LMS_BOOK_ISSUE (BOOK_ISSUE_NO,MEMBER_ID,BOOK_CODE,DATE_ISSUE,DATE_RETURN,DATE_RETURNED,FINE_RANGE) values (4,'LM004','BL000005',to_date('01-04-12','DD-MM-RR'),to_date('16-04-12','DD-MM-RR'),to_date('20-04-12','DD-MM-RR'),'R1');

Insert into LMS_BOOK_ISSUE (BOOK_ISSUE_NO,MEMBER_ID,BOOK_CODE,DATE_ISSUE,DATE_RETURN,DATE_RETURNED,FINE_RANGE) values (5,'LM005','BL000005',to_date('20-04-12','DD-MM-RR'),to_date('05-05-12','DD-MM-RR'),to_date('05-05-12','DD-MM-RR'),null);

Insert into LMS_BOOK_ISSUE (BOOK_ISSUE_NO,MEMBER_ID,BOOK_CODE,DATE_ISSUE,DATE_RETURN,DATE_RETURNED,FINE_RANGE) values (6,'LM003','BL000007',to_date('22-04-12','DD-MM-RR'),to_date('07-05-12','DD-MM-RR'),to_date('25-05-12','DD-MM-RR'),'R4');

Insert into LMS_BOOK_ISSUE (BOOK_ISSUE_NO,MEMBER_ID,BOOK_CODE,DATE_ISSUE,DATE_RETURN,DATE_RETURNED,FINE_RANGE) values (7,'LM001','BL000002',to_date('01-05-13','DD-MM-RR'),to_date('16-05-13','DD-MM-RR'),to_date('16-05-13','DD-MM-RR'),null);

Insert into LMS_BOOK_ISSUE (BOOK_ISSUE_NO,MEMBER_ID,BOOK_CODE,DATE_ISSUE,DATE_RETURN,DATE_RETURNED,FINE_RANGE) values (8,'LM002','BL000001',to_date('01-05-13','DD-MM-RR'),to_date('06-05-13','DD-MM-RR'),to_date('16-05-13','DD-MM-RR'),'R2');

Insert into LMS_BOOK_ISSUE (BOOK_ISSUE_NO,MEMBER_ID,BOOK_CODE,DATE_ISSUE,DATE_RETURN,DATE_RETURNED,FINE_RANGE) values (9,'LM003','BL000005',to_date('01-04-20','DD-MM-RR'),to_date('16-04-20','DD-MM-RR'),to_date('20-04-20','DD-MM-RR'),'R1');

Insert into LMS_BOOK_ISSUE (BOOK_ISSUE_NO,MEMBER_ID,BOOK_CODE,DATE_ISSUE,DATE_RETURN,DATE_RETURNED,FINE_RANGE) values (10,'LM004','BL000007',to_date('01-04-20','DD-MM-RR'),to_date('16-04-20','DD-MM-RR'),to_date('20-04-20','DD-MM-RR'),'R1');

Insert into LMS_BOOK_ISSUE (BOOK_ISSUE_NO,MEMBER_ID,BOOK_CODE,DATE_ISSUE,DATE_RETURN,DATE_RETURNED,FINE_RANGE) values (11,'LM005','BL000002',to_date('20-04-13','DD-MM-RR'),to_date('05-05-13','DD-MM-RR'),to_date('05-05-13','DD-MM-RR'),null);

Insert into LMS_BOOK_ISSUE (BOOK_ISSUE_NO,MEMBER_ID,BOOK_CODE,DATE_ISSUE,DATE_RETURN,DATE_RETURNED,FINE_RANGE) values (12,'LM003','BL000001',to_date('22-04-13','DD-MM-RR'),to_date('07-05-13','DD-MM-RR'),to_date('25-05-13','DD-MM-RR'),'R4');

Insert into LMS_BOOK_ISSUE (BOOK_ISSUE_NO,MEMBER_ID,BOOK_CODE,DATE_ISSUE,DATE_RETURN,DATE_RETURNED,FINE_RANGE) values (13,'LM001','BL000001',to_date('16-05-12','DD-MM-RR'),to_date('31-05-12','DD-MM-RR'),to_date('31-05-12','DD-MM-RR'),null);

Insert into LMS_BOOK_ISSUE (BOOK_ISSUE_NO,MEMBER_ID,BOOK_CODE,DATE_ISSUE,DATE_RETURN,DATE_RETURNED,FINE_RANGE) values (14,'LM002','BL000002',to_date('06-05-12','DD-MM-RR'),to_date('21-05-12','DD-MM-RR'),to_date('31-05-12','DD-MM-RR'),'R2');

Insert into LMS_BOOK_ISSUE (BOOK_ISSUE_NO,MEMBER_ID,BOOK_CODE,DATE_ISSUE,DATE_RETURN,DATE_RETURNED,FINE_RANGE) values (15,'LM003','BL000007',to_date('16-04-12','DD-MM-RR'),to_date('01-05-12','DD-MM-RR'),to_date('06-05-12','DD-MM-RR'),'R1');

Insert into LMS_BOOK_ISSUE (BOOK_ISSUE_NO,MEMBER_ID,BOOK_CODE,DATE_ISSUE,DATE_RETURN,DATE_RETURNED,FINE_RANGE) values (16,'LM004','BL000005',to_date('16-04-12','DD-MM-RR'),to_date('01-05-12','DD-MM-RR'),to_date('06-05-12','DD-MM-RR'),'R1');

Insert into LMS_BOOK_ISSUE (BOOK_ISSUE_NO,MEMBER_ID,BOOK_CODE,DATE_ISSUE,DATE_RETURN,DATE_RETURNED,FINE_RANGE) values (17,'LM005','BL000005',to_date('05-05-12','DD-MM-RR'),to_date('20-05-12','DD-MM-RR'),to_date('20-05-12','DD-MM-RR'),null);

Insert into LMS_BOOK_ISSUE (BOOK_ISSUE_NO,MEMBER_ID,BOOK_CODE,DATE_ISSUE,DATE_RETURN,DATE_RETURNED,FINE_RANGE) values (18,'LM003','BL000007',to_date('07-05-12','DD-MM-RR'),to_date('22-05-12','DD-MM-RR'),to_date('11-06-12','DD-MM-RR'),'R4');

Insert into LMS_BOOK_ISSUE (BOOK_ISSUE_NO,MEMBER_ID,BOOK_CODE,DATE_ISSUE,DATE_RETURN,DATE_RETURNED,FINE_RANGE) values (19,'LM001','BL000002',to_date('16-05-13','DD-MM-RR'),to_date('31-05-13','DD-MM-RR'),to_date('31-05-13','DD-MM-RR'),null);

Insert into LMS_BOOK_ISSUE (BOOK_ISSUE_NO,MEMBER_ID,BOOK_CODE,DATE_ISSUE,DATE_RETURN,DATE_RETURNED,FINE_RANGE) values (20,'LM002','BL000001',to_date('06-05-13','DD-MM-RR'),to_date('21-05-13','DD-MM-RR'),to_date('31-05-13','DD-MM-RR'),'R2');

Insert into LMS_BOOK_ISSUE (BOOK_ISSUE_NO,MEMBER_ID,BOOK_CODE,DATE_ISSUE,DATE_RETURN,DATE_RETURNED,FINE_RANGE) values (21,'LM003','BL000005',to_date('16-04-20','DD-MM-RR'),to_date('01-05-20','DD-MM-RR'),to_date('06-05-20','DD-MM-RR'),'R1');

Insert into LMS_BOOK_ISSUE (BOOK_ISSUE_NO,MEMBER_ID,BOOK_CODE,DATE_ISSUE,DATE_RETURN,DATE_RETURNED,FINE_RANGE) values (22,'LM004','BL000007',to_date('16-04-20','DD-MM-RR'),to_date('01-05-20','DD-MM-RR'),to_date('06-05-20','DD-MM-RR'),'R1');

Insert into LMS_BOOK_ISSUE (BOOK_ISSUE_NO,MEMBER_ID,BOOK_CODE,DATE_ISSUE,DATE_RETURN,DATE_RETURNED,FINE_RANGE) values (23,'LM005','BL00000
