[{"id":"e23cebc7.5935a8","type":"mqtt out","z":"59f1c1f6.ef0a1","name":"","topic":"$aws/things/IotClass1/shadow/update","qos":"","retain":"","broker":"84f0f482.12cf38","x":750,"y":260,"wires":[]},{"id":"84f0f482.12cf38","type":"mqtt-broker","z":"","name":"ASW_New","broker":"a1pkt6llab8sur-ats.iot.us-east-2.amazonaws.com","port":"8883","tls":"ba3e7c8f.a8805","clientid":"","usetls":true,"verifyservercert":true,"compatmode":false,"keepalive":"60","cleansession":true,"birthTopic":"","birthQos":"0","birthPayload":"","closeTopic":"","closeQos":"0","closePayload":"","willTopic":"","willQos":"0","willPayload":""},{"id":"ba3e7c8f.a8805","type":"tls-config","z":"","name":"","cert":"","key":"","ca":"","certname":"83de3ad6e5-certificate.pem.crt","keyname":"83de3ad6e5-private.pem.key","caname":"AmazonRootCA1.pem","servername":"","verifyservercert":true}]